external_id,name,description,address,suburb,state,postcode,country,lat,lng,schedule,phone,email,website,source_url
marketsandfairs:capital-region-farmers-market,CAPITAL REGION FARMERS MARKET,"Australian Markets & Fairs Magazine carries a wealth of information, ideas and articles on all aspects of the market industry in a format available nowhere else, and is uniquely geared to carry display and classified advertising that reaches stallholders and the market-going public.",ACT 2600,,ACT,2600,Australia,,,Mon-Fri 9am,+6146572597,,https://www.eway.com.au/secure-site-seal?i=13&s=3&pid=b62ce594-da7c-4630-8fa0-2c837ba72b1c&theme=0,https://www.marketsandfairs.com.au/Market/CAPITAL-REGION-FARMERS-MARKET
marketsandfairs:hartley-hall-markets,HARTLEY HALL MARKETS,"Australian Markets & Fairs Magazine carries a wealth of information, ideas and articles on all aspects of the market industry in a format available nowhere else, and is uniquely geared to carry display and classified advertising that reaches stallholders and the market-going public.",Hall ACT 2618,Hall,ACT,2618,Australia,,,Mon-Fri 9am,+6146572597,,https://www.eway.com.au/secure-site-seal?i=13&s=3&pid=b62ce594-da7c-4630-8fa0-2c837ba72b1c&theme=0,https://www.marketsandfairs.com.au/Market/HARTLEY-HALL-MARKETS
marketsandfairs:gungahlin-community-market-2,GUNGAHLIN COMMUNITY MARKET,"Australian Markets & Fairs Magazine carries a wealth of information, ideas and articles on all aspects of the market industry in a format available nowhere else, and is uniquely geared to carry display and classified advertising that reaches stallholders and the market-going public.",CASEY ACT 2913,CASEY,ACT,2913,Australia,,,Mon-Fri 9am,+6146572597,,https://www.eway.com.au/secure-site-seal?i=13&s=3&pid=b62ce594-da7c-4630-8fa0-2c837ba72b1c&theme=0,https://www.marketsandfairs.com.au/Market/GUNGAHLIN-COMMUNITY-MARKET-2
marketsandfairs:canberra-city-walk-markets,Canberra City Walk Markets,"Australian Markets & Fairs Magazine carries a wealth of information, ideas and articles on all aspects of the market industry in a format available nowhere else, and is uniquely geared to carry display and classified advertising that reaches stallholders and the market-going public.",ACT 2612,,ACT,2612,Australia,,,Mon-Fri 9am,+6146572597,,https://www.eway.com.au/secure-site-seal?i=13&s=3&pid=b62ce594-da7c-4630-8fa0-2c837ba72b1c&theme=0,https://www.marketsandfairs.com.au/Market/Canberra-City-Walk-Markets
marketsandfairs:anu-market-days,ANU MARKET DAYS,"Australian Markets & Fairs Magazine carries a wealth of information, ideas and articles on all aspects of the market industry in a format available nowhere else, and is uniquely geared to carry display and classified advertising that reaches stallholders and the market-going public.",ACT 2600,,ACT,2600,Australia,,,Mon-Fri 9am,+6146572597,,https://www.eway.com.au/secure-site-seal?i=13&s=3&pid=b62ce594-da7c-4630-8fa0-2c837ba72b1c&theme=0,https://www.marketsandfairs.com.au/Market/ANU-MARKET-DAYS
marketsandfairs:canberra-fashion-market,Canberra Fashion Market,"Australian Markets & Fairs Magazine carries a wealth of information, ideas and articles on all aspects of the market industry in a format available nowhere else, and is uniquely geared to carry display and classified advertising that reaches stallholders and the market-going public.",Mitchell ACT 2911,Mitchell,ACT,2911,Australia,,,Mon-Fri 9am,+6146572597,,https://www.eway.com.au/secure-site-seal?i=13&s=3&pid=b62ce594-da7c-4630-8fa0-2c837ba72b1c&theme=0,https://www.marketsandfairs.com.au/Market/Canberra-Fashion-Market
marketsandfairs:southside-farmers-market,SOUTHSIDE FARMERS MARKET,"Australian Markets & Fairs Magazine carries a wealth of information, ideas and articles on all aspects of the market industry in a format available nowhere else, and is uniquely geared to carry display and classified advertising that reaches stallholders and the market-going public.",ACT 2606,,ACT,2606,Australia,,,Mon-Fri 9am,+6146572597,,https://www.eway.com.au/secure-site-seal?i=13&s=3&pid=b62ce594-da7c-4630-8fa0-2c837ba72b1c&theme=0,https://www.marketsandfairs.com.au/Market/SOUTHSIDE-FARMERS-MARKET
marketsandfairs:summer-sunset-markets,SUMMER SUNSET MARKETS,"Australian Markets & Fairs Magazine carries a wealth of information, ideas and articles on all aspects of the market industry in a format available nowhere else, and is uniquely geared to carry display and classified advertising that reaches stallholders and the market-going public.",ACT 2620,,ACT,2620,Australia,,,Mon-Fri 9am,+6146572597,,https://www.eway.com.au/secure-site-seal?i=13&s=3&pid=b62ce594-da7c-4630-8fa0-2c837ba72b1c&theme=0,https://www.marketsandfairs.com.au/Market/SUMMER-SUNSET-MARKETS
marketsandfairs:boulevard-market,BOULEVARD MARKET,"Australian Markets & Fairs Magazine carries a wealth of information, ideas and articles on all aspects of the market industry in a format available nowhere else, and is uniquely geared to carry display and classified advertising that reaches stallholders and the market-going public.",ACT 2600,,ACT,2600,Australia,,,Mon-Fri 9am,+6146572597,,https://www.eway.com.au/secure-site-seal?i=13&s=3&pid=b62ce594-da7c-4630-8fa0-2c837ba72b1c&theme=0,https://www.marketsandfairs.com.au/Market/BOULEVARD-MARKET
marketsandfairs:canberra-night-markets,CANBERRA NIGHT MARKETS,"Australian Markets & Fairs Magazine carries a wealth of information, ideas and articles on all aspects of the market industry in a format available nowhere else, and is uniquely geared to carry display and classified advertising that reaches stallholders and the market-going public.",ACT 2600,,ACT,2600,Australia,,,Mon-Fri 9am,+6146572597,,https://www.eway.com.au/secure-site-seal?i=13&s=3&pid=b62ce594-da7c-4630-8fa0-2c837ba72b1c&theme=0,https://www.marketsandfairs.com.au/Market/CANBERRA-NIGHT-MARKETS
marketsandfairs:old-bus-depot-market,OLD BUS DEPOT MARKET,"Australian Markets & Fairs Magazine carries a wealth of information, ideas and articles on all aspects of the market industry in a format available nowhere else, and is uniquely geared to carry display and classified advertising that reaches stallholders and the market-going public.",ACT 2604,,ACT,2604,Australia,,,Mon-Fri 9am,+6146572597,,https://www.eway.com.au/secure-site-seal?i=13&s=3&pid=b62ce594-da7c-4630-8fa0-2c837ba72b1c&theme=0,https://www.marketsandfairs.com.au/Market/OLD-BUS-DEPOT-MARKET
marketsandfairs:belconnen-trash-treasure-market,BELCONNEN TRASH & TREASURE MARKET,"Australian Markets & Fairs Magazine carries a wealth of information, ideas and articles on all aspects of the market industry in a format available nowhere else, and is uniquely geared to carry display and classified advertising that reaches stallholders and the market-going public.",ACT 2614,,ACT,2614,Australia,,,Mon-Fri 9am,+6146572597,,https://www.eway.com.au/secure-site-seal?i=13&s=3&pid=b62ce594-da7c-4630-8fa0-2c837ba72b1c&theme=0,https://www.marketsandfairs.com.au/Market/BELCONNEN-TRASH-TREASURE-MARKET
marketsandfairs:canberra-kids-market,Canberra Kids Market,"Australian Markets & Fairs Magazine carries a wealth of information, ideas and articles on all aspects of the market industry in a format available nowhere else, and is uniquely geared to carry display and classified advertising that reaches stallholders and the market-going public.",Mitchell ACT 2911,Mitchell,ACT,2911,Australia,,,Mon-Fri 9am,+6146572597,,https://www.eway.com.au/secure-site-seal?i=13&s=3&pid=b62ce594-da7c-4630-8fa0-2c837ba72b1c&theme=0,https://www.marketsandfairs.com.au/Market/Canberra-Kids-Market
marketsandfairs:balmain-market,BALMAIN MARKET,"Australian Markets & Fairs Magazine carries a wealth of information, ideas and articles on all aspects of the market industry in a format available nowhere else, and is uniquely geared to carry display and classified advertising that reaches stallholders and the market-going public.",Balmain NSW 2041,Balmain,NSW,2041,Australia,,,Mon-Fri 9am,+6146572597,,https://www.eway.com.au/secure-site-seal?i=13&s=3&pid=b62ce594-da7c-4630-8fa0-2c837ba72b1c&theme=0,https://www.marketsandfairs.com.au/Market/BALMAIN-MARKET
marketsandfairs:lugarno-lions-community-fair-21st-september-2025-previously-spring-festival,Lugarno Lions Community Fair 21st September 2025 (Previously Spring Festival),"Australian Markets & Fairs Magazine carries a wealth of information, ideas and articles on all aspects of the market industry in a format available nowhere else, and is uniquely geared to carry display and classified advertising that reaches stallholders and the market-going public.","Riverwood Park, Coleridge St, RIVERWOOD NSW 2210",RIVERWOOD,NSW,2210,Australia,-33.9496260993,151.0474542492,"Sunday, 21 September 2025, from 9.30 am",+6146572597,barryw@lugarnolions.org.au,https://www.eway.com.au/secure-site-seal?i=13&s=3&pid=b62ce594-da7c-4630-8fa0-2c837ba72b1c&theme=0,https://www.marketsandfairs.com.au/Market/Lugarno-Lions-Community-Fair-21st-September-2025-Previously-Spring-Festival
marketsandfairs:bondi-beach-community-market,BONDI BEACH COMMUNITY MARKET,"Australian Markets & Fairs Magazine carries a wealth of information, ideas and articles on all aspects of the market industry in a format available nowhere else, and is uniquely geared to carry display and classified advertising that reaches stallholders and the market-going public.","Roscoe St Mall, Campbell Parade, Bondi Beach NSW 2026",Bondi Beach,NSW,2026,Australia,-33.8903388766,151.2745195164,"Saturday, Sunday & all Public Holidays 11.00 - 20.00pm",+6146572597,bondicommunitymarket@hotmail.com,https://www.eway.com.au/secure-site-seal?i=13&s=3&pid=b62ce594-da7c-4630-8fa0-2c837ba72b1c&theme=0,https://www.marketsandfairs.com.au/Market/BONDI-BEACH-COMMUNITY-MARKET
marketsandfairs:adamstown-market,ADAMSTOWN MARKET,"Australian Markets & Fairs Magazine carries a wealth of information, ideas and articles on all aspects of the market industry in a format available nowhere else, and is uniquely geared to carry display and classified advertising that reaches stallholders and the market-going public.",Adamstown NSW 2289,Adamstown,NSW,2289,Australia,,,Mon-Fri 9am,+6146572597,,https://www.eway.com.au/secure-site-seal?i=13&s=3&pid=b62ce594-da7c-4630-8fa0-2c837ba72b1c&theme=0,https://www.marketsandfairs.com.au/Market/ADAMSTOWN-MARKET
marketsandfairs:italian-forum-twilight-market,Italian Forum Twilight Market,"Australian Markets & Fairs Magazine carries a wealth of information, ideas and articles on all aspects of the market industry in a format available nowhere else, and is uniquely geared to carry display and classified advertising that reaches stallholders and the market-going public.","The Italian Forum Piazza, 23 Norton Street, Leichhardt NSW 2040",Leichhardt,NSW,2040,Australia,-33.8867929155,151.1581019943,Saturday from 9 Aug 2025 - 4pm,+6146572597,info@amaconnect.com.au,https://www.eway.com.au/secure-site-seal?i=13&s=3&pid=b62ce594-da7c-4630-8fa0-2c837ba72b1c&theme=0,https://www.marketsandfairs.com.au/Market/Italian-Forum-Twilight-Market
marketsandfairs:ballina-market-returning-on-19th-july-2020,BALLINA MARKET - returning on 19th July 2020,"Australian Markets & Fairs Magazine carries a wealth of information, ideas and articles on all aspects of the market industry in a format available nowhere else, and is uniquely geared to carry display and classified advertising that reaches stallholders and the market-going public.",Ballina NSW 2478,Ballina,NSW,2478,Australia,,,Mon-Fri 9am,+6146572597,,https://www.eway.com.au/secure-site-seal?i=13&s=3&pid=b62ce594-da7c-4630-8fa0-2c837ba72b1c&theme=0,https://www.marketsandfairs.com.au/Market/BALLINA-MARKET-returning-on-19th-July-2020
marketsandfairs:penrith-trash-and-treasure-market,Penrith Trash and Treasure Market,"Australian Markets & Fairs Magazine carries a wealth of information, ideas and articles on all aspects of the market industry in a format available nowhere else, and is uniquely geared to carry display and classified advertising that reaches stallholders and the market-going public.","Penrith Paceway, Ransley Street, Penrith NSW 2750",Penrith,NSW,2750,Australia,-33.7567311371,150.6869773453,Saturday from 13 Sep 2025 - 9am,+6146572597,info@amaconnect.com.au,https://www.eway.com.au/secure-site-seal?i=13&s=3&pid=b62ce594-da7c-4630-8fa0-2c837ba72b1c&theme=0,https://www.marketsandfairs.com.au/Market/Penrith-Trash-and-Treasure-Market
marketsandfairs:bangalow-village-market,BANGALOW VILLAGE MARKET,"Australian Markets & Fairs Magazine carries a wealth of information, ideas and articles on all aspects of the market industry in a format available nowhere else, and is uniquely geared to carry display and classified advertising that reaches stallholders and the market-going public.",NSW 2479,,NSW,2479,Australia,,,Mon-Fri 9am,+6146572597,,https://www.eway.com.au/secure-site-seal?i=13&s=3&pid=b62ce594-da7c-4630-8fa0-2c837ba72b1c&theme=0,https://www.marketsandfairs.com.au/Market/BANGALOW-VILLAGE-MARKET
marketsandfairs:bankstown-sunday-markets-bargain-bazaar,BANKSTOWN SUNDAY MARKETS & BARGAIN BAZAAR,"Australian Markets & Fairs Magazine carries a wealth of information, ideas and articles on all aspects of the market industry in a format available nowhere else, and is uniquely geared to carry display and classified advertising that reaches stallholders and the market-going public.",Condell Park NSW 2200,Condell Park,NSW,2200,Australia,,,Mon-Fri 9am,+6146572597,,https://www.eway.com.au/secure-site-seal?i=13&s=3&pid=b62ce594-da7c-4630-8fa0-2c837ba72b1c&theme=0,https://www.marketsandfairs.com.au/Market/BANKSTOWN-SUNDAY-MARKETS-BARGAIN-BAZAAR
marketsandfairs:sydney-city-night-market,Sydney City Night Market,"Australian Markets & Fairs Magazine carries a wealth of information, ideas and articles on all aspects of the market industry in a format available nowhere else, and is uniquely geared to carry display and classified advertising that reaches stallholders and the market-going public.","Belmore Park, Hay Street, Haymarket NSW 2000",Haymarket,NSW,2000,Australia,-33.8809679018,151.2075833862,Saturday from 5 Sep 2025 to 28 Nov 2025 - 5pm,+6146572597,info@amaconnect.com.au,https://www.eway.com.au/secure-site-seal?i=13&s=3&pid=b62ce594-da7c-4630-8fa0-2c837ba72b1c&theme=0,https://www.marketsandfairs.com.au/Market/Sydney-City-Night-Market
marketsandfairs:arcadia-market,Arcadia Market,"Australian Markets & Fairs Magazine carries a wealth of information, ideas and articles on all aspects of the market industry in a format available nowhere else, and is uniquely geared to carry display and classified advertising that reaches stallholders and the market-going public.",Arcadia NSW 2159,Arcadia,NSW,2159,Australia,,,Mon-Fri 9am,+6146572597,,https://www.eway.com.au/secure-site-seal?i=13&s=3&pid=b62ce594-da7c-4630-8fa0-2c837ba72b1c&theme=0,https://www.marketsandfairs.com.au/Market/Arcadia-Market
marketsandfairs:wednesday-pickers-bazaar-2,Wednesday Pickers Bazaar,"Australian Markets & Fairs Magazine carries a wealth of information, ideas and articles on all aspects of the market industry in a format available nowhere else, and is uniquely geared to carry display and classified advertising that reaches stallholders and the market-going public.","Fairfield Showground, 447 Smithfield Road, Prairiewood NSW 2171",Prairiewood,NSW,2171,Australia,-33.8669114146,150.9059743469,Wednesday from 6 Aug 2025 - 8am,+6146572597,info@amaconnect.com.au,https://www.eway.com.au/secure-site-seal?i=13&s=3&pid=b62ce594-da7c-4630-8fa0-2c837ba72b1c&theme=0,https://www.marketsandfairs.com.au/Market/Wednesday-Pickers-Bazaar-2
marketsandfairs:ashby-market,ASHBY MARKET,"Australian Markets & Fairs Magazine carries a wealth of information, ideas and articles on all aspects of the market industry in a format available nowhere else, and is uniquely geared to carry display and classified advertising that reaches stallholders and the market-going public.",NSW 2463,,NSW,2463,Australia,,,Mon-Fri 9am,+6146572597,,https://www.eway.com.au/secure-site-seal?i=13&s=3&pid=b62ce594-da7c-4630-8fa0-2c837ba72b1c&theme=0,https://www.marketsandfairs.com.au/Market/ASHBY-MARKET
marketsandfairs:bangalow-farmers-market,BANGALOW FARMERS MARKET,"Australian Markets & Fairs Magazine carries a wealth of information, ideas and articles on all aspects of the market industry in a format available nowhere else, and is uniquely geared to carry display and classified advertising that reaches stallholders and the market-going public.",NSW 2479,,NSW,2479,Australia,,,Mon-Fri 9am,+6146572597,,https://www.eway.com.au/secure-site-seal?i=13&s=3&pid=b62ce594-da7c-4630-8fa0-2c837ba72b1c&theme=0,https://www.marketsandfairs.com.au/Market/BANGALOW-FARMERS-MARKET
marketsandfairs:art-on-the-levee-wagga,ART ON THE LEVEE - WAGGA,"Australian Markets & Fairs Magazine carries a wealth of information, ideas and articles on all aspects of the market industry in a format available nowhere else, and is uniquely geared to carry display and classified advertising that reaches stallholders and the market-going public.",Wagga Wagga NSW 2650,Wagga Wagga,NSW,2650,Australia,,,Mon-Fri 9am,+6146572597,,https://www.eway.com.au/secure-site-seal?i=13&s=3&pid=b62ce594-da7c-4630-8fa0-2c837ba72b1c&theme=0,https://www.marketsandfairs.com.au/Market/ART-ON-THE-LEVEE-WAGGA
marketsandfairs:the-concourse-artisan-market,The Concourse Artisan Market,"Australian Markets & Fairs Magazine carries a wealth of information, ideas and articles on all aspects of the market industry in a format available nowhere else, and is uniquely geared to carry display and classified advertising that reaches stallholders and the market-going public.","The Concourse Chatswood, 409 Victoria Avenue, Chatswood NSW 2067",Chatswood,NSW,2067,Australia,-33.7956772,151.1843034,Saturday from 7 Dec 2024 - 10am,+6146572597,,https://www.eway.com.au/secure-site-seal?i=13&s=3&pid=b62ce594-da7c-4630-8fa0-2c837ba72b1c&theme=0,https://www.marketsandfairs.com.au/Market/The-Concourse-Artisan-Market
marketsandfairs:berry-reserve-market,BERRY RESERVE MARKET,"Australian Markets & Fairs Magazine carries a wealth of information, ideas and articles on all aspects of the market industry in a format available nowhere else, and is uniquely geared to carry display and classified advertising that reaches stallholders and the market-going public.","Berry Reserve, 1417 Pittwater Road, Narrabeen NSW 2101",Narrabeen,NSW,1417,Australia,-33.7138262119,151.2966244024,Sunday of the month - 9am,+6146572597,davestep@bigpond.net.au,https://www.eway.com.au/secure-site-seal?i=13&s=3&pid=b62ce594-da7c-4630-8fa0-2c837ba72b1c&theme=0,https://www.marketsandfairs.com.au/Market/BERRY-RESERVE-MARKET
marketsandfairs:avoca-beachside-markets,AVOCA BEACHSIDE MARKETS,"Australian Markets & Fairs Magazine carries a wealth of information, ideas and articles on all aspects of the market industry in a format available nowhere else, and is uniquely geared to carry display and classified advertising that reaches stallholders and the market-going public.",Avoca Beach NSW 2251,Avoca Beach,NSW,2251,Australia,,,Mon-Fri 9am,+6146572597,,https://www.eway.com.au/secure-site-seal?i=13&s=3&pid=b62ce594-da7c-4630-8fa0-2c837ba72b1c&theme=0,https://www.marketsandfairs.com.au/Market/AVOCA-BEACHSIDE-MARKETS
marketsandfairs:armidale-market,ARMIDALE MARKET,"Australian Markets & Fairs Magazine carries a wealth of information, ideas and articles on all aspects of the market industry in a format available nowhere else, and is uniquely geared to carry display and classified advertising that reaches stallholders and the market-going public.",Armidale NSW 2350,Armidale,NSW,2350,Australia,,,Mon-Fri 9am,+6146572597,,https://www.eway.com.au/secure-site-seal?i=13&s=3&pid=b62ce594-da7c-4630-8fa0-2c837ba72b1c&theme=0,https://www.marketsandfairs.com.au/Market/ARMIDALE-MARKET
marketsandfairs:the-hub-markets,@The HUB Markets,"Australian Markets & Fairs Magazine carries a wealth of information, ideas and articles on all aspects of the market industry in a format available nowhere else, and is uniquely geared to carry display and classified advertising that reaches stallholders and the market-going public.",Lalor Park NSW 2147,Lalor Park,NSW,2147,Australia,,,Mon-Fri 9am,+6146572597,,https://www.eway.com.au/secure-site-seal?i=13&s=3&pid=b62ce594-da7c-4630-8fa0-2c837ba72b1c&theme=0,https://www.marketsandfairs.com.au/Market/The-HUB-Markets
marketsandfairs:berry-springs-community-market,BERRY SPRINGS COMMUNITY MARKET,"Australian Markets & Fairs Magazine carries a wealth of information, ideas and articles on all aspects of the market industry in a format available nowhere else, and is uniquely geared to carry display and classified advertising that reaches stallholders and the market-going public.",NT 0838,,NT,0838,Australia,,,Mon-Fri 9am,+6146572597,,https://www.eway.com.au/secure-site-seal?i=13&s=3&pid=b62ce594-da7c-4630-8fa0-2c837ba72b1c&theme=0,https://www.marketsandfairs.com.au/Market/BERRY-SPRINGS-COMMUNITY-MARKET
marketsandfairs:adelaide-river-market,Adelaide River Market,"Australian Markets & Fairs Magazine carries a wealth of information, ideas and articles on all aspects of the market industry in a format available nowhere else, and is uniquely geared to carry display and classified advertising that reaches stallholders and the market-going public.",NT 0846,,NT,0846,Australia,,,Mon-Fri 9am,+6146572597,,https://www.eway.com.au/secure-site-seal?i=13&s=3&pid=b62ce594-da7c-4630-8fa0-2c837ba72b1c&theme=0,https://www.marketsandfairs.com.au/Market/Adelaide-River-Market
marketsandfairs:heavitree-gap-community-markets,HEAVITREE GAP COMMUNITY MARKETS,"Australian Markets & Fairs Magazine carries a wealth of information, ideas and articles on all aspects of the market industry in a format available nowhere else, and is uniquely geared to carry display and classified advertising that reaches stallholders and the market-going public.",NT 0873,,NT,0873,Australia,,,Mon-Fri 9am,+6146572597,,https://www.eway.com.au/secure-site-seal?i=13&s=3&pid=b62ce594-da7c-4630-8fa0-2c837ba72b1c&theme=0,https://www.marketsandfairs.com.au/Market/HEAVITREE-GAP-COMMUNITY-MARKETS
marketsandfairs:malak-marketplace,Malak Marketplace,"Australian Markets & Fairs Magazine carries a wealth of information, ideas and articles on all aspects of the market industry in a format available nowhere else, and is uniquely geared to carry display and classified advertising that reaches stallholders and the market-going public.",NT 0812,,NT,0812,Australia,,,Mon-Fri 9am,+6146572597,,https://www.eway.com.au/secure-site-seal?i=13&s=3&pid=b62ce594-da7c-4630-8fa0-2c837ba72b1c&theme=0,https://www.marketsandfairs.com.au/Market/Malak-Marketplace
marketsandfairs:parap-village-market,PARAP VILLAGE MARKET,"Australian Markets & Fairs Magazine carries a wealth of information, ideas and articles on all aspects of the market industry in a format available nowhere else, and is uniquely geared to carry display and classified advertising that reaches stallholders and the market-going public.",NT 0804,,NT,0804,Australia,,,Mon-Fri 9am,+6146572597,,https://www.eway.com.au/secure-site-seal?i=13&s=3&pid=b62ce594-da7c-4630-8fa0-2c837ba72b1c&theme=0,https://www.marketsandfairs.com.au/Market/PARAP-VILLAGE-MARKET
marketsandfairs:darwin-trailer-boat-clubs-car-boot-sale,Darwin Trailer Boat Club's Car Boot Sale,"Australian Markets & Fairs Magazine carries a wealth of information, ideas and articles on all aspects of the market industry in a format available nowhere else, and is uniquely geared to carry display and classified advertising that reaches stallholders and the market-going public.",NT 0820,,NT,0820,Australia,,,Mon-Fri 9am,+6146572597,,https://www.eway.com.au/secure-site-seal?i=13&s=3&pid=b62ce594-da7c-4630-8fa0-2c837ba72b1c&theme=0,https://www.marketsandfairs.com.au/Market/Darwin-Trailer-Boat-Clubs-Car-Boot-Sale
marketsandfairs:batchelor-market,BATCHELOR MARKET,"Australian Markets & Fairs Magazine carries a wealth of information, ideas and articles on all aspects of the market industry in a format available nowhere else, and is uniquely geared to carry display and classified advertising that reaches stallholders and the market-going public.",NT 0845,,NT,0845,Australia,,,Mon-Fri 9am,+6146572597,,https://www.eway.com.au/secure-site-seal?i=13&s=3&pid=b62ce594-da7c-4630-8fa0-2c837ba72b1c&theme=0,https://www.marketsandfairs.com.au/Market/BATCHELOR-MARKET
marketsandfairs:palmerston-and-rural-markets,PALMERSTON and RURAL MARKETS,"Australian Markets & Fairs Magazine carries a wealth of information, ideas and articles on all aspects of the market industry in a format available nowhere else, and is uniquely geared to carry display and classified advertising that reaches stallholders and the market-going public.",NT 0830,,NT,0830,Australia,,,Mon-Fri 9am,+6146572597,,https://www.eway.com.au/secure-site-seal?i=13&s=3&pid=b62ce594-da7c-4630-8fa0-2c837ba72b1c&theme=0,https://www.marketsandfairs.com.au/Market/PALMERSTON-and-RURAL-MARKETS
marketsandfairs:mindil-beach-sunset-market,MINDIL BEACH SUNSET MARKET,"Australian Markets & Fairs Magazine carries a wealth of information, ideas and articles on all aspects of the market industry in a format available nowhere else, and is uniquely geared to carry display and classified advertising that reaches stallholders and the market-going public.",The Gardens NT 0820,The Gardens,NT,0820,Australia,,,Mon-Fri 9am,+6146572597,,https://www.eway.com.au/secure-site-seal?i=13&s=3&pid=b62ce594-da7c-4630-8fa0-2c837ba72b1c&theme=0,https://www.marketsandfairs.com.au/Market/MINDIL-BEACH-SUNSET-MARKET
marketsandfairs:katherine-community-market,KATHERINE COMMUNITY MARKET,"Australian Markets & Fairs Magazine carries a wealth of information, ideas and articles on all aspects of the market industry in a format available nowhere else, and is uniquely geared to carry display and classified advertising that reaches stallholders and the market-going public.",NT 0850,,NT,0850,Australia,,,Mon-Fri 9am,+6146572597,,https://www.eway.com.au/secure-site-seal?i=13&s=3&pid=b62ce594-da7c-4630-8fa0-2c837ba72b1c&theme=0,https://www.marketsandfairs.com.au/Market/KATHERINE-COMMUNITY-MARKET
marketsandfairs:nightcliff-market,NIGHTCLIFF MARKET,"Australian Markets & Fairs Magazine carries a wealth of information, ideas and articles on all aspects of the market industry in a format available nowhere else, and is uniquely geared to carry display and classified advertising that reaches stallholders and the market-going public.",NT 0810,,NT,0810,Australia,,,Mon-Fri 9am,+6146572597,,https://www.eway.com.au/secure-site-seal?i=13&s=3&pid=b62ce594-da7c-4630-8fa0-2c837ba72b1c&theme=0,https://www.marketsandfairs.com.au/Market/NIGHTCLIFF-MARKET
marketsandfairs:the-freds-pass-rural-market,THE FREDS PASS RURAL MARKET,"Australian Markets & Fairs Magazine carries a wealth of information, ideas and articles on all aspects of the market industry in a format available nowhere else, and is uniquely geared to carry display and classified advertising that reaches stallholders and the market-going public.",Bees Creek NT 0822,Bees Creek,NT,0822,Australia,,,Mon-Fri 9am,+6146572597,,https://www.eway.com.au/secure-site-seal?i=13&s=3&pid=b62ce594-da7c-4630-8fa0-2c837ba72b1c&theme=0,https://www.marketsandfairs.com.au/Market/THE-FREDS-PASS-RURAL-MARKET
marketsandfairs:alice-springs-town-council-night-markets,ALICE SPRINGS TOWN COUNCIL NIGHT MARKETS,"Australian Markets & Fairs Magazine carries a wealth of information, ideas and articles on all aspects of the market industry in a format available nowhere else, and is uniquely geared to carry display and classified advertising that reaches stallholders and the market-going public.",NT 0870,,NT,0870,Australia,,,Mon-Fri 9am,+6146572597,,https://www.eway.com.au/secure-site-seal?i=13&s=3&pid=b62ce594-da7c-4630-8fa0-2c837ba72b1c&theme=0,https://www.marketsandfairs.com.au/Market/ALICE-SPRINGS-TOWN-COUNCIL-NIGHT-MARKETS
marketsandfairs:mummy-market-nt,MUMMY MARKET NT,"Australian Markets & Fairs Magazine carries a wealth of information, ideas and articles on all aspects of the market industry in a format available nowhere else, and is uniquely geared to carry display and classified advertising that reaches stallholders and the market-going public.",NT 0831,,NT,0831,Australia,,,Mon-Fri 9am,+6146572597,,https://www.eway.com.au/secure-site-seal?i=13&s=3&pid=b62ce594-da7c-4630-8fa0-2c837ba72b1c&theme=0,https://www.marketsandfairs.com.au/Market/MUMMY-MARKET-NT
marketsandfairs:rapid-creek-market,RAPID CREEK MARKET,"Australian Markets & Fairs Magazine carries a wealth of information, ideas and articles on all aspects of the market industry in a format available nowhere else, and is uniquely geared to carry display and classified advertising that reaches stallholders and the market-going public.",NT 0810,,NT,0810,Australia,,,Mon-Fri 9am,+6146572597,,https://www.eway.com.au/secure-site-seal?i=13&s=3&pid=b62ce594-da7c-4630-8fa0-2c837ba72b1c&theme=0,https://www.marketsandfairs.com.au/Market/RAPID-CREEK-MARKET
marketsandfairs:todd-mall-market-alice-springs,TODD MALL MARKET ALICE SPRINGS,"Australian Markets & Fairs Magazine carries a wealth of information, ideas and articles on all aspects of the market industry in a format available nowhere else, and is uniquely geared to carry display and classified advertising that reaches stallholders and the market-going public.",NT 0870,,NT,0870,Australia,,,Mon-Fri 9am,+6146572597,,https://www.eway.com.au/secure-site-seal?i=13&s=3&pid=b62ce594-da7c-4630-8fa0-2c837ba72b1c&theme=0,https://www.marketsandfairs.com.au/Market/TODD-MALL-MARKET-ALICE-SPRINGS
marketsandfairs:airlie-beach-the-handmade-expo-market,Airlie Beach - The Handmade Expo Market,"Australian Markets & Fairs Magazine carries a wealth of information, ideas and articles on all aspects of the market industry in a format available nowhere else, and is uniquely geared to carry display and classified advertising that reaches stallholders and the market-going public.",Cannonvale QLD 4802,Cannonvale,QLD,4802,Australia,,,Mon-Fri 9am,+6146572597,,https://www.eway.com.au/secure-site-seal?i=13&s=3&pid=b62ce594-da7c-4630-8fa0-2c837ba72b1c&theme=0,https://www.marketsandfairs.com.au/Market/Airlie-Beach-The-Handmade-Expo-Market
marketsandfairs:boundary-street-markets,Boundary Street Markets,"Australian Markets & Fairs Magazine carries a wealth of information, ideas and articles on all aspects of the market industry in a format available nowhere else, and is uniquely geared to carry display and classified advertising that reaches stallholders and the market-going public.",QLD 4101,,QLD,4101,Australia,,,Mon-Fri 9am,+6146572597,,https://www.eway.com.au/secure-site-seal?i=13&s=3&pid=b62ce594-da7c-4630-8fa0-2c837ba72b1c&theme=0,https://www.marketsandfairs.com.au/Market/Boundary-Street-Markets
marketsandfairs:bam-markets-beach-arts-music,"BAM MARKETS - BEACH, ARTS, MUSIC","Australian Markets & Fairs Magazine carries a wealth of information, ideas and articles on all aspects of the market industry in a format available nowhere else, and is uniquely geared to carry display and classified advertising that reaches stallholders and the market-going public.",QLD 4680,,QLD,4680,Australia,,,Mon-Fri 9am,+6146572597,,https://www.eway.com.au/secure-site-seal?i=13&s=3&pid=b62ce594-da7c-4630-8fa0-2c837ba72b1c&theme=0,https://www.marketsandfairs.com.au/Market/BAM-MARKETS-BEACH-ARTS-MUSIC
marketsandfairs:arcade-car-park-market-rockhampton,ARCADE CAR PARK MARKET ROCKHAMPTON,"Australian Markets & Fairs Magazine carries a wealth of information, ideas and articles on all aspects of the market industry in a format available nowhere else, and is uniquely geared to carry display and classified advertising that reaches stallholders and the market-going public.",Rockhampton City QLD 4700,Rockhampton City,QLD,4700,Australia,,,Mon-Fri 9am,+6146572597,,https://www.eway.com.au/secure-site-seal?i=13&s=3&pid=b62ce594-da7c-4630-8fa0-2c837ba72b1c&theme=0,https://www.marketsandfairs.com.au/Market/ARCADE-CAR-PARK-MARKET-ROCKHAMPTON
marketsandfairs:goodna-jacaranda-festival,Goodna Jacaranda Festival,"Australian Markets & Fairs Magazine carries a wealth of information, ideas and articles on all aspects of the market industry in a format available nowhere else, and is uniquely geared to carry display and classified advertising that reaches stallholders and the market-going public.","Evan Marginson Park, 49 Woogaroo Street, Goodna QLD 4300",Goodna,QLD,4300,Australia,-27.6066346,152.9006111,Friday and concluding at 10PM,+6146572597,stalls@jacarandafestival.au,https://www.eway.com.au/secure-site-seal?i=13&s=3&pid=b62ce594-da7c-4630-8fa0-2c837ba72b1c&theme=0,https://www.marketsandfairs.com.au/Market/Goodna-Jacaranda-Festival
marketsandfairs:beenleigh-early-bird-markets,BEENLEIGH EARLY BIRD MARKETS,"Australian Markets & Fairs Magazine carries a wealth of information, ideas and articles on all aspects of the market industry in a format available nowhere else, and is uniquely geared to carry display and classified advertising that reaches stallholders and the market-going public.",QLD 4207,,QLD,4207,Australia,,,Mon-Fri 9am,+6146572597,,https://www.eway.com.au/secure-site-seal?i=13&s=3&pid=b62ce594-da7c-4630-8fa0-2c837ba72b1c&theme=0,https://www.marketsandfairs.com.au/Market/BEENLEIGH-EARLY-BIRD-MARKETS
marketsandfairs:bardon-community-market,BARDON COMMUNITY MARKET,"Australian Markets & Fairs Magazine carries a wealth of information, ideas and articles on all aspects of the market industry in a format available nowhere else, and is uniquely geared to carry display and classified advertising that reaches stallholders and the market-going public.",QLD 4065,,QLD,4065,Australia,,,Mon-Fri 9am,+6146572597,,https://www.eway.com.au/secure-site-seal?i=13&s=3&pid=b62ce594-da7c-4630-8fa0-2c837ba72b1c&theme=0,https://www.marketsandfairs.com.au/Market/BARDON-COMMUNITY-MARKET
marketsandfairs:brisbane-night-market,BRISBANE NIGHT MARKET,"Australian Markets & Fairs Magazine carries a wealth of information, ideas and articles on all aspects of the market industry in a format available nowhere else, and is uniquely geared to carry display and classified advertising that reaches stallholders and the market-going public.",Rocklea QLD 4106,Rocklea,QLD,4106,Australia,,,Mon-Fri 9am,+6146572597,,https://www.eway.com.au/secure-site-seal?i=13&s=3&pid=b62ce594-da7c-4630-8fa0-2c837ba72b1c&theme=0,https://www.marketsandfairs.com.au/Market/BRISBANE-NIGHT-MARKET
marketsandfairs:bowens-lions-market,BOWENS LIONS MARKET,"Australian Markets & Fairs Magazine carries a wealth of information, ideas and articles on all aspects of the market industry in a format available nowhere else, and is uniquely geared to carry display and classified advertising that reaches stallholders and the market-going public.",QLD 4805,,QLD,4805,Australia,,,Mon-Fri 9am,+6146572597,,https://www.eway.com.au/secure-site-seal?i=13&s=3&pid=b62ce594-da7c-4630-8fa0-2c837ba72b1c&theme=0,https://www.marketsandfairs.com.au/Market/BOWENS-LIONS-MARKET
marketsandfairs:airlie-beach-markets,AIRLIE BEACH MARKETS,"Australian Markets & Fairs Magazine carries a wealth of information, ideas and articles on all aspects of the market industry in a format available nowhere else, and is uniquely geared to carry display and classified advertising that reaches stallholders and the market-going public.",QLD 4802,,QLD,4802,Australia,,,Mon-Fri 9am,+6146572597,,https://www.eway.com.au/secure-site-seal?i=13&s=3&pid=b62ce594-da7c-4630-8fa0-2c837ba72b1c&theme=0,https://www.marketsandfairs.com.au/Market/AIRLIE-BEACH-MARKETS
marketsandfairs:apollonian-hotel-markets,Apollonian Hotel Markets,"Australian Markets & Fairs Magazine carries a wealth of information, ideas and articles on all aspects of the market industry in a format available nowhere else, and is uniquely geared to carry display and classified advertising that reaches stallholders and the market-going public.",QLD 4565,,QLD,4565,Australia,,,Mon-Fri 9am,+6146572597,,https://www.eway.com.au/secure-site-seal?i=13&s=3&pid=b62ce594-da7c-4630-8fa0-2c837ba72b1c&theme=0,https://www.marketsandfairs.com.au/Market/Apollonian-Hotel-Markets
marketsandfairs:atherton-market,ATHERTON MARKET,"Australian Markets & Fairs Magazine carries a wealth of information, ideas and articles on all aspects of the market industry in a format available nowhere else, and is uniquely geared to carry display and classified advertising that reaches stallholders and the market-going public.",Atherton QLD 4883,Atherton,QLD,4883,Australia,,,Mon-Fri 9am,+6146572597,,https://www.eway.com.au/secure-site-seal?i=13&s=3&pid=b62ce594-da7c-4630-8fa0-2c837ba72b1c&theme=0,https://www.marketsandfairs.com.au/Market/ATHERTON-MARKET
marketsandfairs:bazaar-racecourse-market,Bazaar Racecourse Market,"Australian Markets & Fairs Magazine carries a wealth of information, ideas and articles on all aspects of the market industry in a format available nowhere else, and is uniquely geared to carry display and classified advertising that reaches stallholders and the market-going public.",QLD 4551,,QLD,4551,Australia,,,Mon-Fri 9am,+6146572597,,https://www.eway.com.au/secure-site-seal?i=13&s=3&pid=b62ce594-da7c-4630-8fa0-2c837ba72b1c&theme=0,https://www.marketsandfairs.com.au/Market/Bazaar-Racecourse-Market
marketsandfairs:brisbane-marketplace-sunday-discovery-market,BRISBANE MARKETPLACE: Sunday Discovery Market,"Australian Markets & Fairs Magazine carries a wealth of information, ideas and articles on all aspects of the market industry in a format available nowhere else, and is uniquely geared to carry display and classified advertising that reaches stallholders and the market-going public.",QLD 4106,,QLD,4106,Australia,,,Mon-Fri 9am,+6146572597,,https://www.eway.com.au/secure-site-seal?i=13&s=3&pid=b62ce594-da7c-4630-8fa0-2c837ba72b1c&theme=0,https://www.marketsandfairs.com.au/Market/BRISBANE-MARKETPLACE-Sunday-Discovery-Market
marketsandfairs:billycart-markets-sandgate,Billycart Markets - Sandgate,"Australian Markets & Fairs Magazine carries a wealth of information, ideas and articles on all aspects of the market industry in a format available nowhere else, and is uniquely geared to carry display and classified advertising that reaches stallholders and the market-going public.",QLD 4017,,QLD,4017,Australia,,,Mon-Fri 9am,+6146572597,,https://www.eway.com.au/secure-site-seal?i=13&s=3&pid=b62ce594-da7c-4630-8fa0-2c837ba72b1c&theme=0,https://www.marketsandfairs.com.au/Market/Billycart-Markets-Sandgate
marketsandfairs:beenleigh-showground-market,BEENLEIGH SHOWGROUND MARKET,"Australian Markets & Fairs Magazine carries a wealth of information, ideas and articles on all aspects of the market industry in a format available nowhere else, and is uniquely geared to carry display and classified advertising that reaches stallholders and the market-going public.",QLD 4207,,QLD,4207,Australia,,,Mon-Fri 9am,+6146572597,,https://www.eway.com.au/secure-site-seal?i=13&s=3&pid=b62ce594-da7c-4630-8fa0-2c837ba72b1c&theme=0,https://www.marketsandfairs.com.au/Market/BEENLEIGH-SHOWGROUND-MARKET
marketsandfairs:4207-indoor-markets,4207 Indoor Markets,"Australian Markets & Fairs Magazine carries a wealth of information, ideas and articles on all aspects of the market industry in a format available nowhere else, and is uniquely geared to carry display and classified advertising that reaches stallholders and the market-going public.",Beenleigh QLD 4207,Beenleigh,QLD,4207,Australia,,,Mon-Fri 9am,+6146572597,,https://www.eway.com.au/secure-site-seal?i=13&s=3&pid=b62ce594-da7c-4630-8fa0-2c837ba72b1c&theme=0,https://www.marketsandfairs.com.au/Market/4207-Indoor-Markets
marketsandfairs:brisbane-marketplace-saturday-fresh-market,Brisbane MarketPlace: Saturday Fresh Market,"Australian Markets & Fairs Magazine carries a wealth of information, ideas and articles on all aspects of the market industry in a format available nowhere else, and is uniquely geared to carry display and classified advertising that reaches stallholders and the market-going public.",Rocklea QLD 4106,Rocklea,QLD,4106,Australia,,,Mon-Fri 9am,+6146572597,,https://www.eway.com.au/secure-site-seal?i=13&s=3&pid=b62ce594-da7c-4630-8fa0-2c837ba72b1c&theme=0,https://www.marketsandfairs.com.au/Market/Brisbane-MarketPlace-Saturday-Fresh-Market
marketsandfairs:bell-park-markets,BELL PARK MARKETS,"Australian Markets & Fairs Magazine carries a wealth of information, ideas and articles on all aspects of the market industry in a format available nowhere else, and is uniquely geared to carry display and classified advertising that reaches stallholders and the market-going public.",QLD 4710,,QLD,4710,Australia,,,Mon-Fri 9am,+6146572597,,https://www.eway.com.au/secure-site-seal?i=13&s=3&pid=b62ce594-da7c-4630-8fa0-2c837ba72b1c&theme=0,https://www.marketsandfairs.com.au/Market/BELL-PARK-MARKETS
marketsandfairs:boonah-country-markets,BOONAH COUNTRY MARKETS,"Australian Markets & Fairs Magazine carries a wealth of information, ideas and articles on all aspects of the market industry in a format available nowhere else, and is uniquely geared to carry display and classified advertising that reaches stallholders and the market-going public.",QLD 4310,,QLD,4310,Australia,,,Mon-Fri 9am,+6146572597,,https://www.eway.com.au/secure-site-seal?i=13&s=3&pid=b62ce594-da7c-4630-8fa0-2c837ba72b1c&theme=0,https://www.marketsandfairs.com.au/Market/BOONAH-COUNTRY-MARKETS
marketsandfairs:barmera-main-street-market,BARMERA MAIN STREET MARKET,"Australian Markets & Fairs Magazine carries a wealth of information, ideas and articles on all aspects of the market industry in a format available nowhere else, and is uniquely geared to carry display and classified advertising that reaches stallholders and the market-going public.",SA 5345,,SA,5345,Australia,,,Mon-Fri 9am,+6146572597,,https://www.eway.com.au/secure-site-seal?i=13&s=3&pid=b62ce594-da7c-4630-8fa0-2c837ba72b1c&theme=0,https://www.marketsandfairs.com.au/Market/BARMERA-MAIN-STREET-MARKET
marketsandfairs:adelaide-central-market,ADELAIDE CENTRAL MARKET,"Australian Markets & Fairs Magazine carries a wealth of information, ideas and articles on all aspects of the market industry in a format available nowhere else, and is uniquely geared to carry display and classified advertising that reaches stallholders and the market-going public.",SA 5000,,SA,5000,Australia,,,Mon-Fri 9am,+6146572597,,https://www.eway.com.au/secure-site-seal?i=13&s=3&pid=b62ce594-da7c-4630-8fa0-2c837ba72b1c&theme=0,https://www.marketsandfairs.com.au/Market/ADELAIDE-CENTRAL-MARKET
marketsandfairs:blackwood-art-craft-market,BLACKWOOD ART & CRAFT MARKET,"Australian Markets & Fairs Magazine carries a wealth of information, ideas and articles on all aspects of the market industry in a format available nowhere else, and is uniquely geared to carry display and classified advertising that reaches stallholders and the market-going public.",SA 5051,,SA,5051,Australia,,,Mon-Fri 9am,+6146572597,,https://www.eway.com.au/secure-site-seal?i=13&s=3&pid=b62ce594-da7c-4630-8fa0-2c837ba72b1c&theme=0,https://www.marketsandfairs.com.au/Market/BLACKWOOD-ART-CRAFT-MARKET
marketsandfairs:green-light-organic-market-willunga,Green Light Organic Market Willunga,"Australian Markets & Fairs Magazine carries a wealth of information, ideas and articles on all aspects of the market industry in a format available nowhere else, and is uniquely geared to carry display and classified advertising that reaches stallholders and the market-going public.",Willunga SA 5172,Willunga,SA,5172,Australia,,,Mon-Fri 9am,+6146572597,,https://www.eway.com.au/secure-site-seal?i=13&s=3&pid=b62ce594-da7c-4630-8fa0-2c837ba72b1c&theme=0,https://www.marketsandfairs.com.au/Market/Green-Light-Organic-Market-Willunga
marketsandfairs:adelaide-hills-farmers-market-2,Adelaide Hills Farmers Market,"Australian Markets & Fairs Magazine carries a wealth of information, ideas and articles on all aspects of the market industry in a format available nowhere else, and is uniquely geared to carry display and classified advertising that reaches stallholders and the market-going public.",Mount Barker SA 5251,,SA,5251,Australia,,,Mon-Fri 9am,+6146572597,,https://www.eway.com.au/secure-site-seal?i=13&s=3&pid=b62ce594-da7c-4630-8fa0-2c837ba72b1c&theme=0,https://www.marketsandfairs.com.au/Market/Adelaide-Hills-Farmers-Market-2
marketsandfairs:angaston-market,ANGASTON MARKET,"Australian Markets & Fairs Magazine carries a wealth of information, ideas and articles on all aspects of the market industry in a format available nowhere else, and is uniquely geared to carry display and classified advertising that reaches stallholders and the market-going public.",Angaston SA 5353,Angaston,SA,5353,Australia,,,Mon-Fri 9am,+6146572597,,https://www.eway.com.au/secure-site-seal?i=13&s=3&pid=b62ce594-da7c-4630-8fa0-2c837ba72b1c&theme=0,https://www.marketsandfairs.com.au/Market/ANGASTON-MARKET
marketsandfairs:adelaide-night-market,ADELAIDE NIGHT MARKET,"Australian Markets & Fairs Magazine carries a wealth of information, ideas and articles on all aspects of the market industry in a format available nowhere else, and is uniquely geared to carry display and classified advertising that reaches stallholders and the market-going public.",SA 5000,,SA,5000,Australia,,,Mon-Fri 9am,+6146572597,,https://www.eway.com.au/secure-site-seal?i=13&s=3&pid=b62ce594-da7c-4630-8fa0-2c837ba72b1c&theme=0,https://www.marketsandfairs.com.au/Market/ADELAIDE-NIGHT-MARKET
marketsandfairs:gawler-lions-station-market,GAWLER LIONS STATION MARKET,"Australian Markets & Fairs Magazine carries a wealth of information, ideas and articles on all aspects of the market industry in a format available nowhere else, and is uniquely geared to carry display and classified advertising that reaches stallholders and the market-going public.",SA 5118,,SA,5118,Australia,,,Mon-Fri 9am,+6146572597,,https://www.eway.com.au/secure-site-seal?i=13&s=3&pid=b62ce594-da7c-4630-8fa0-2c837ba72b1c&theme=0,https://www.marketsandfairs.com.au/Market/GAWLER-LIONS-STATION-MARKET
marketsandfairs:adelaide-showground-farmers-market,ADELAIDE SHOWGROUND FARMERS MARKET,"Australian Markets & Fairs Magazine carries a wealth of information, ideas and articles on all aspects of the market industry in a format available nowhere else, and is uniquely geared to carry display and classified advertising that reaches stallholders and the market-going public.",SA 5034,,SA,5034,Australia,,,Mon-Fri 9am,+6146572597,,https://www.eway.com.au/secure-site-seal?i=13&s=3&pid=b62ce594-da7c-4630-8fa0-2c837ba72b1c&theme=0,https://www.marketsandfairs.com.au/Market/ADELAIDE-SHOWGROUND-FARMERS-MARKET
marketsandfairs:community-market-kangaroo-island,Community Market - Kangaroo Island,"Australian Markets & Fairs Magazine carries a wealth of information, ideas and articles on all aspects of the market industry in a format available nowhere else, and is uniquely geared to carry display and classified advertising that reaches stallholders and the market-going public.",SA 5220,,SA,5220,Australia,,,Mon-Fri 9am,+6146572597,,https://www.eway.com.au/secure-site-seal?i=13&s=3&pid=b62ce594-da7c-4630-8fa0-2c837ba72b1c&theme=0,https://www.marketsandfairs.com.au/Market/Community-Market-Kangaroo-Island
marketsandfairs:fishermans-wharf-market,FISHERMAN'S WHARF MARKET,"Australian Markets & Fairs Magazine carries a wealth of information, ideas and articles on all aspects of the market industry in a format available nowhere else, and is uniquely geared to carry display and classified advertising that reaches stallholders and the market-going public.",Port Adelaide SA 5015,Port Adelaide,SA,5015,Australia,,,Mon-Fri 9am,+6146572597,,https://www.eway.com.au/secure-site-seal?i=13&s=3&pid=b62ce594-da7c-4630-8fa0-2c837ba72b1c&theme=0,https://www.marketsandfairs.com.au/Market/FISHERMANS-WHARF-MARKET
marketsandfairs:beachfront-twilight-markets-at-seacliff,BEACHFRONT TWILIGHT MARKETS AT SEACLIFF,"Australian Markets & Fairs Magazine carries a wealth of information, ideas and articles on all aspects of the market industry in a format available nowhere else, and is uniquely geared to carry display and classified advertising that reaches stallholders and the market-going public.",3/1741 Pittwater Road,,SA,1741,Australia,,,Mon-Fri 9am,+6146572597,,https://www.eway.com.au/secure-site-seal?i=13&s=3&pid=b62ce594-da7c-4630-8fa0-2c837ba72b1c&theme=0,https://www.marketsandfairs.com.au/Market/BEACHFRONT-TWILIGHT-MARKETS-AT-SEACLIFF
marketsandfairs:farmers-markets-kangaroo-island,Farmers Markets - Kangaroo Island,"Australian Markets & Fairs Magazine carries a wealth of information, ideas and articles on all aspects of the market industry in a format available nowhere else, and is uniquely geared to carry display and classified advertising that reaches stallholders and the market-going public.",SA 5220,,SA,5220,Australia,,,Mon-Fri 9am,+6146572597,,https://www.eway.com.au/secure-site-seal?i=13&s=3&pid=b62ce594-da7c-4630-8fa0-2c837ba72b1c&theme=0,https://www.marketsandfairs.com.au/Market/Farmers-Markets-Kangaroo-Island
marketsandfairs:gilles-street-market,GILLES STREET MARKET,"Australian Markets & Fairs Magazine carries a wealth of information, ideas and articles on all aspects of the market industry in a format available nowhere else, and is uniquely geared to carry display and classified advertising that reaches stallholders and the market-going public.",SA 5086,,SA,5086,Australia,,,Mon-Fri 9am,+6146572597,,https://www.eway.com.au/secure-site-seal?i=13&s=3&pid=b62ce594-da7c-4630-8fa0-2c837ba72b1c&theme=0,https://www.marketsandfairs.com.au/Market/GILLES-STREET-MARKET
marketsandfairs:fullarton-market,FULLARTON MARKET,"Australian Markets & Fairs Magazine carries a wealth of information, ideas and articles on all aspects of the market industry in a format available nowhere else, and is uniquely geared to carry display and classified advertising that reaches stallholders and the market-going public.",SA 5063,,SA,5063,Australia,,,Mon-Fri 9am,+6146572597,,https://www.eway.com.au/secure-site-seal?i=13&s=3&pid=b62ce594-da7c-4630-8fa0-2c837ba72b1c&theme=0,https://www.marketsandfairs.com.au/Market/FULLARTON-MARKET
marketsandfairs:barker-market,Barker Market,"Australian Markets & Fairs Magazine carries a wealth of information, ideas and articles on all aspects of the market industry in a format available nowhere else, and is uniquely geared to carry display and classified advertising that reaches stallholders and the market-going public.",SA 5255,,SA,5255,Australia,,,Mon-Fri 9am,+6146572597,,https://www.eway.com.au/secure-site-seal?i=13&s=3&pid=b62ce594-da7c-4630-8fa0-2c837ba72b1c&theme=0,https://www.marketsandfairs.com.au/Market/Barker-Market
marketsandfairs:goolwa-wharf-market,GOOLWA WHARF MARKET,"Australian Markets & Fairs Magazine carries a wealth of information, ideas and articles on all aspects of the market industry in a format available nowhere else, and is uniquely geared to carry display and classified advertising that reaches stallholders and the market-going public.",SA 5214,,SA,5214,Australia,,,Mon-Fri 9am,+6146572597,,https://www.eway.com.au/secure-site-seal?i=13&s=3&pid=b62ce594-da7c-4630-8fa0-2c837ba72b1c&theme=0,https://www.marketsandfairs.com.au/Market/GOOLWA-WHARF-MARKET
marketsandfairs:elizabeth-grove-community-market,Elizabeth Grove Community Market,"Australian Markets & Fairs Magazine carries a wealth of information, ideas and articles on all aspects of the market industry in a format available nowhere else, and is uniquely geared to carry display and classified advertising that reaches stallholders and the market-going public.",SA 5112,,SA,5112,Australia,,,Mon-Fri 9am,+6146572597,,https://www.eway.com.au/secure-site-seal?i=13&s=3&pid=b62ce594-da7c-4630-8fa0-2c837ba72b1c&theme=0,https://www.marketsandfairs.com.au/Market/Elizabeth-Grove-Community-Market
marketsandfairs:farm-produce-market,FARM PRODUCE MARKET,"Australian Markets & Fairs Magazine carries a wealth of information, ideas and articles on all aspects of the market industry in a format available nowhere else, and is uniquely geared to carry display and classified advertising that reaches stallholders and the market-going public.",SA 5211,,SA,5211,Australia,,,Mon-Fri 9am,+6146572597,,https://www.eway.com.au/secure-site-seal?i=13&s=3&pid=b62ce594-da7c-4630-8fa0-2c837ba72b1c&theme=0,https://www.marketsandfairs.com.au/Market/FARM-PRODUCE-MARKET
marketsandfairs:gepps-cross-sunday-treasure-market,GEPPS CROSS SUNDAY TREASURE MARKET,"Australian Markets & Fairs Magazine carries a wealth of information, ideas and articles on all aspects of the market industry in a format available nowhere else, and is uniquely geared to carry display and classified advertising that reaches stallholders and the market-going public.",SA 5094,,SA,5094,Australia,,,Mon-Fri 9am,+6146572597,,https://www.eway.com.au/secure-site-seal?i=13&s=3&pid=b62ce594-da7c-4630-8fa0-2c837ba72b1c&theme=0,https://www.marketsandfairs.com.au/Market/GEPPS-CROSS-SUNDAY-TREASURE-MARKET
marketsandfairs:bumps-bubs-beyond-markets,BUMPS BUBS & BEYOND MARKETS,"Australian Markets & Fairs Magazine carries a wealth of information, ideas and articles on all aspects of the market industry in a format available nowhere else, and is uniquely geared to carry display and classified advertising that reaches stallholders and the market-going public.",TAS 7307,,TAS,7307,Australia,,,Mon-Fri 9am,+6146572597,,https://www.eway.com.au/secure-site-seal?i=13&s=3&pid=b62ce594-da7c-4630-8fa0-2c837ba72b1c&theme=0,https://www.marketsandfairs.com.au/Market/BUMPS-BUBS-BEYOND-MARKETS
marketsandfairs:bream-creek-farmers-market,BREAM CREEK FARMERS MARKET,"Australian Markets & Fairs Magazine carries a wealth of information, ideas and articles on all aspects of the market industry in a format available nowhere else, and is uniquely geared to carry display and classified advertising that reaches stallholders and the market-going public.",Bream Creek TAS 7175,Bream Creek,TAS,7175,Australia,,,Mon-Fri 9am,+6146572597,,https://www.eway.com.au/secure-site-seal?i=13&s=3&pid=b62ce594-da7c-4630-8fa0-2c837ba72b1c&theme=0,https://www.marketsandfairs.com.au/Market/BREAM-CREEK-FARMERS-MARKET
marketsandfairs:brookfield-twilight-market,Brookfield Twilight Market,"Australian Markets & Fairs Magazine carries a wealth of information, ideas and articles on all aspects of the market industry in a format available nowhere else, and is uniquely geared to carry display and classified advertising that reaches stallholders and the market-going public.",TAS 7054,,TAS,7054,Australia,,,Mon-Fri 9am,+6146572597,,https://www.eway.com.au/secure-site-seal?i=13&s=3&pid=b62ce594-da7c-4630-8fa0-2c837ba72b1c&theme=0,https://www.marketsandfairs.com.au/Market/Brookfield-Twilight-Market
marketsandfairs:all-saints-market,All Saints Market,"Australian Markets & Fairs Magazine carries a wealth of information, ideas and articles on all aspects of the market industry in a format available nowhere else, and is uniquely geared to carry display and classified advertising that reaches stallholders and the market-going public.",South Hobart TAS 7004,South Hobart,TAS,7004,Australia,,,Mon-Fri 9am,+6146572597,,https://www.eway.com.au/secure-site-seal?i=13&s=3&pid=b62ce594-da7c-4630-8fa0-2c837ba72b1c&theme=0,https://www.marketsandfairs.com.au/Market/All-Saints-Market
marketsandfairs:avalon-market,AVALON MARKET,"Australian Markets & Fairs Magazine carries a wealth of information, ideas and articles on all aspects of the market industry in a format available nowhere else, and is uniquely geared to carry display and classified advertising that reaches stallholders and the market-going public.",TAS 7250,,TAS,7250,Australia,,,Mon-Fri 9am,+6146572597,,https://www.eway.com.au/secure-site-seal?i=13&s=3&pid=b62ce594-da7c-4630-8fa0-2c837ba72b1c&theme=0,https://www.marketsandfairs.com.au/Market/AVALON-MARKET
marketsandfairs:devonport-farmers-market,DEVONPORT FARMERS MARKET,"Australian Markets & Fairs Magazine carries a wealth of information, ideas and articles on all aspects of the market industry in a format available nowhere else, and is uniquely geared to carry display and classified advertising that reaches stallholders and the market-going public.",TAS 7310,,TAS,7310,Australia,,,Mon-Fri 9am,+6146572597,,https://www.eway.com.au/secure-site-seal?i=13&s=3&pid=b62ce594-da7c-4630-8fa0-2c837ba72b1c&theme=0,https://www.marketsandfairs.com.au/Market/DEVONPORT-FARMERS-MARKET
marketsandfairs:brighton-market,BRIGHTON MARKET,"Australian Markets & Fairs Magazine carries a wealth of information, ideas and articles on all aspects of the market industry in a format available nowhere else, and is uniquely geared to carry display and classified advertising that reaches stallholders and the market-going public.",Pontville TAS 7030,,TAS,7030,Australia,,,Mon-Fri 9am,+6146572597,,https://www.eway.com.au/secure-site-seal?i=13&s=3&pid=b62ce594-da7c-4630-8fa0-2c837ba72b1c&theme=0,https://www.marketsandfairs.com.au/Market/BRIGHTON-MARKET
marketsandfairs:bushy-park-community-market,BUSHY PARK COMMUNITY MARKET,"Australian Markets & Fairs Magazine carries a wealth of information, ideas and articles on all aspects of the market industry in a format available nowhere else, and is uniquely geared to carry display and classified advertising that reaches stallholders and the market-going public.",TAS 7140,,TAS,7140,Australia,,,Mon-Fri 9am,+6146572597,,https://www.eway.com.au/secure-site-seal?i=13&s=3&pid=b62ce594-da7c-4630-8fa0-2c837ba72b1c&theme=0,https://www.marketsandfairs.com.au/Market/BUSHY-PARK-COMMUNITY-MARKET
marketsandfairs:deloraine-market,Deloraine Market,"Australian Markets & Fairs Magazine carries a wealth of information, ideas and articles on all aspects of the market industry in a format available nowhere else, and is uniquely geared to carry display and classified advertising that reaches stallholders and the market-going public.",TAS 7304,,TAS,7304,Australia,,,Mon-Fri 9am,+6146572597,,https://www.eway.com.au/secure-site-seal?i=13&s=3&pid=b62ce594-da7c-4630-8fa0-2c837ba72b1c&theme=0,https://www.marketsandfairs.com.au/Market/Deloraine-Market
marketsandfairs:claude-rd-market,CLAUDE RD MARKET,"Australian Markets & Fairs Magazine carries a wealth of information, ideas and articles on all aspects of the market industry in a format available nowhere else, and is uniquely geared to carry display and classified advertising that reaches stallholders and the market-going public.",TAS 7306,,TAS,7306,Australia,,,Mon-Fri 9am,+6146572597,,https://www.eway.com.au/secure-site-seal?i=13&s=3&pid=b62ce594-da7c-4630-8fa0-2c837ba72b1c&theme=0,https://www.marketsandfairs.com.au/Market/CLAUDE-RD-MARKET
marketsandfairs:deloriane-market,DELORIANE MARKET,"Australian Markets & Fairs Magazine carries a wealth of information, ideas and articles on all aspects of the market industry in a format available nowhere else, and is uniquely geared to carry display and classified advertising that reaches stallholders and the market-going public.",TAS 7304,,TAS,7304,Australia,,,Mon-Fri 9am,+6146572597,,https://www.eway.com.au/secure-site-seal?i=13&s=3&pid=b62ce594-da7c-4630-8fa0-2c837ba72b1c&theme=0,https://www.marketsandfairs.com.au/Market/DELORIANE-MARKET
marketsandfairs:burnie-farmers-markets,BURNIE FARMERS MARKETS,"Australian Markets & Fairs Magazine carries a wealth of information, ideas and articles on all aspects of the market industry in a format available nowhere else, and is uniquely geared to carry display and classified advertising that reaches stallholders and the market-going public.",TAS 7320,,TAS,7320,Australia,,,Mon-Fri 9am,+6146572597,,https://www.eway.com.au/secure-site-seal?i=13&s=3&pid=b62ce594-da7c-4630-8fa0-2c837ba72b1c&theme=0,https://www.marketsandfairs.com.au/Market/BURNIE-FARMERS-MARKETS
marketsandfairs:burnie-farmers-market-country,BURNIE FARMERS MARKET & COUNTRY,"Australian Markets & Fairs Magazine carries a wealth of information, ideas and articles on all aspects of the market industry in a format available nowhere else, and is uniquely geared to carry display and classified advertising that reaches stallholders and the market-going public.",TAS 7320,,TAS,7320,Australia,,,Mon-Fri 9am,+6146572597,,https://www.eway.com.au/secure-site-seal?i=13&s=3&pid=b62ce594-da7c-4630-8fa0-2c837ba72b1c&theme=0,https://www.marketsandfairs.com.au/Market/BURNIE-FARMERS-MARKET-COUNTRY
marketsandfairs:cradle-coast-farmers-market,Cradle Coast Farmers Market,"Australian Markets & Fairs Magazine carries a wealth of information, ideas and articles on all aspects of the market industry in a format available nowhere else, and is uniquely geared to carry display and classified advertising that reaches stallholders and the market-going public.",TAS 7315,,TAS,7315,Australia,,,Mon-Fri 9am,+6146572597,,https://www.eway.com.au/secure-site-seal?i=13&s=3&pid=b62ce594-da7c-4630-8fa0-2c837ba72b1c&theme=0,https://www.marketsandfairs.com.au/Market/Cradle-Coast-Farmers-Market
marketsandfairs:cwa-market,CWA MARKET,"Australian Markets & Fairs Magazine carries a wealth of information, ideas and articles on all aspects of the market industry in a format available nowhere else, and is uniquely geared to carry display and classified advertising that reaches stallholders and the market-going public.",Bridport TAS 7262,Bridport,TAS,7262,Australia,,,Mon-Fri 9am,+6146572597,,https://www.eway.com.au/secure-site-seal?i=13&s=3&pid=b62ce594-da7c-4630-8fa0-2c837ba72b1c&theme=0,https://www.marketsandfairs.com.au/Market/CWA-MARKET
marketsandfairs:deloranie-market,DELORANIE MARKET,"Australian Markets & Fairs Magazine carries a wealth of information, ideas and articles on all aspects of the market industry in a format available nowhere else, and is uniquely geared to carry display and classified advertising that reaches stallholders and the market-going public.",TAS 7304,,TAS,7304,Australia,,,Mon-Fri 9am,+6146572597,,https://www.eway.com.au/secure-site-seal?i=13&s=3&pid=b62ce594-da7c-4630-8fa0-2c837ba72b1c&theme=0,https://www.marketsandfairs.com.au/Market/DELORANIE-MARKET
marketsandfairs:devonport-farmers-market-2,Devonport Farmers' Market,"Australian Markets & Fairs Magazine carries a wealth of information, ideas and articles on all aspects of the market industry in a format available nowhere else, and is uniquely geared to carry display and classified advertising that reaches stallholders and the market-going public.",TAS 7310,,TAS,7310,Australia,,,Mon-Fri 9am,+6146572597,,https://www.eway.com.au/secure-site-seal?i=13&s=3&pid=b62ce594-da7c-4630-8fa0-2c837ba72b1c&theme=0,https://www.marketsandfairs.com.au/Market/Devonport-Farmers-Market-2
marketsandfairs:axemans-makers-market,AXEMANS MAKERS MARKET,"Australian Markets & Fairs Magazine carries a wealth of information, ideas and articles on all aspects of the market industry in a format available nowhere else, and is uniquely geared to carry display and classified advertising that reaches stallholders and the market-going public.",TAS 7307,,TAS,7307,Australia,,,Mon-Fri 9am,+6146572597,,https://www.eway.com.au/secure-site-seal?i=13&s=3&pid=b62ce594-da7c-4630-8fa0-2c837ba72b1c&theme=0,https://www.marketsandfairs.com.au/Market/AXEMANS-MAKERS-MARKET
marketsandfairs:campbell-town-market,CAMPBELL TOWN MARKET,"Australian Markets & Fairs Magazine carries a wealth of information, ideas and articles on all aspects of the market industry in a format available nowhere else, and is uniquely geared to carry display and classified advertising that reaches stallholders and the market-going public.",TAS 7210,,TAS,7210,Australia,,,Mon-Fri 9am,+6146572597,,https://www.eway.com.au/secure-site-seal?i=13&s=3&pid=b62ce594-da7c-4630-8fa0-2c837ba72b1c&theme=0,https://www.marketsandfairs.com.au/Market/CAMPBELL-TOWN-MARKET
marketsandfairs:don-village-market,DON VILLAGE MARKET,"Australian Markets & Fairs Magazine carries a wealth of information, ideas and articles on all aspects of the market industry in a format available nowhere else, and is uniquely geared to carry display and classified advertising that reaches stallholders and the market-going public.",TAS 7310,,TAS,7310,Australia,,,Mon-Fri 9am,+6146572597,,https://www.eway.com.au/secure-site-seal?i=13&s=3&pid=b62ce594-da7c-4630-8fa0-2c837ba72b1c&theme=0,https://www.marketsandfairs.com.au/Market/DON-VILLAGE-MARKET
marketsandfairs:ararat-trash-treasure-farmers-market,ARARAT TRASH & TREASURE FARMERS MARKET,"Australian Markets & Fairs Magazine carries a wealth of information, ideas and articles on all aspects of the market industry in a format available nowhere else, and is uniquely geared to carry display and classified advertising that reaches stallholders and the market-going public.",VIC 3377,,VIC,3377,Australia,,,Mon-Fri 9am,+6146572597,,https://www.eway.com.au/secure-site-seal?i=13&s=3&pid=b62ce594-da7c-4630-8fa0-2c837ba72b1c&theme=0,https://www.marketsandfairs.com.au/Market/ARARAT-TRASH-TREASURE-FARMERS-MARKET
marketsandfairs:a-plus-market,A PLUS MARKET,"Australian Markets & Fairs Magazine carries a wealth of information, ideas and articles on all aspects of the market industry in a format available nowhere else, and is uniquely geared to carry display and classified advertising that reaches stallholders and the market-going public.",VIC 3058,,VIC,3058,Australia,,,Mon-Fri 9am,+6146572597,,https://www.eway.com.au/secure-site-seal?i=13&s=3&pid=b62ce594-da7c-4630-8fa0-2c837ba72b1c&theme=0,https://www.marketsandfairs.com.au/Market/A-PLUS-MARKET
marketsandfairs:altona-beach-market,ALTONA BEACH MARKET,"Australian Markets & Fairs Magazine carries a wealth of information, ideas and articles on all aspects of the market industry in a format available nowhere else, and is uniquely geared to carry display and classified advertising that reaches stallholders and the market-going public.",Altona VIC 3018,Altona,VIC,3018,Australia,,,Mon-Fri 9am,+6146572597,,https://www.eway.com.au/secure-site-seal?i=13&s=3&pid=b62ce594-da7c-4630-8fa0-2c837ba72b1c&theme=0,https://www.marketsandfairs.com.au/Market/ALTONA-BEACH-MARKET
marketsandfairs:alexandra-market,ALEXANDRA MARKET,"Australian Markets & Fairs Magazine carries a wealth of information, ideas and articles on all aspects of the market industry in a format available nowhere else, and is uniquely geared to carry display and classified advertising that reaches stallholders and the market-going public.",VIC 3714,,VIC,3714,Australia,,,Mon-Fri 9am,+6146572597,,https://www.eway.com.au/secure-site-seal?i=13&s=3&pid=b62ce594-da7c-4630-8fa0-2c837ba72b1c&theme=0,https://www.marketsandfairs.com.au/Market/ALEXANDRA-MARKET
marketsandfairs:aireys-inlet-market,AIREY'S INLET MARKET,"Australian Markets & Fairs Magazine carries a wealth of information, ideas and articles on all aspects of the market industry in a format available nowhere else, and is uniquely geared to carry display and classified advertising that reaches stallholders and the market-going public.",VIC 3231,,VIC,3231,Australia,,,Mon-Fri 9am,+6146572597,,https://www.eway.com.au/secure-site-seal?i=13&s=3&pid=b62ce594-da7c-4630-8fa0-2c837ba72b1c&theme=0,https://www.marketsandfairs.com.au/Market/AIREYS-INLET-MARKET
marketsandfairs:akoonah-park-market,AKOONAH PARK MARKET,"Australian Markets & Fairs Magazine carries a wealth of information, ideas and articles on all aspects of the market industry in a format available nowhere else, and is uniquely geared to carry display and classified advertising that reaches stallholders and the market-going public.",Berwick VIC 3806,Berwick,VIC,3806,Australia,,,Mon-Fri 9am,+6146572597,,https://www.eway.com.au/secure-site-seal?i=13&s=3&pid=b62ce594-da7c-4630-8fa0-2c837ba72b1c&theme=0,https://www.marketsandfairs.com.au/Market/AKOONAH-PARK-MARKET
marketsandfairs:ballan-farmers-market,Ballan Farmers Market,"Australian Markets & Fairs Magazine carries a wealth of information, ideas and articles on all aspects of the market industry in a format available nowhere else, and is uniquely geared to carry display and classified advertising that reaches stallholders and the market-going public.",VIC 3342,,VIC,3342,Australia,,,Mon-Fri 9am,+6146572597,,https://www.eway.com.au/secure-site-seal?i=13&s=3&pid=b62ce594-da7c-4630-8fa0-2c837ba72b1c&theme=0,https://www.marketsandfairs.com.au/Market/Ballan-Farmers-Market
marketsandfairs:abbotsford-convent-farmers-market,Abbotsford Convent Farmers Market,"Australian Markets & Fairs Magazine carries a wealth of information, ideas and articles on all aspects of the market industry in a format available nowhere else, and is uniquely geared to carry display and classified advertising that reaches stallholders and the market-going public.",Abbotsford VIC 3067,Abbotsford,VIC,3067,Australia,,,Mon-Fri 9am,+6146572597,,https://www.eway.com.au/secure-site-seal?i=13&s=3&pid=b62ce594-da7c-4630-8fa0-2c837ba72b1c&theme=0,https://www.marketsandfairs.com.au/Market/Abbotsford-Convent-Farmers-Market
marketsandfairs:bairnsdale-makers-market,Bairnsdale Makers Market,"Australian Markets & Fairs Magazine carries a wealth of information, ideas and articles on all aspects of the market industry in a format available nowhere else, and is uniquely geared to carry display and classified advertising that reaches stallholders and the market-going public.",VIC 3875,,VIC,3875,Australia,,,Mon-Fri 9am,+6146572597,,https://www.eway.com.au/secure-site-seal?i=13&s=3&pid=b62ce594-da7c-4630-8fa0-2c837ba72b1c&theme=0,https://www.marketsandfairs.com.au/Market/Bairnsdale-Makers-Market
marketsandfairs:pipeworks-market-2,Pipeworks Market,"Australian Markets & Fairs Magazine carries a wealth of information, ideas and articles on all aspects of the market industry in a format available nowhere else, and is uniquely geared to carry display and classified advertising that reaches stallholders and the market-going public.","Pipeworks Market, 5 Dunstans Court, Thomastown VIC 3074",Thomastown,VIC,3074,Australia,-37.6928106,145.0164046,Sunday and Saturday - 8:00AM,+6146572597,hello@pipeworksmarket.com.au,https://www.eway.com.au/secure-site-seal?i=13&s=3&pid=b62ce594-da7c-4630-8fa0-2c837ba72b1c&theme=0,https://www.marketsandfairs.com.au/Market/Pipeworks-Market-2
marketsandfairs:alphington-farmers-market,Alphington Farmers Market,"Australian Markets & Fairs Magazine carries a wealth of information, ideas and articles on all aspects of the market industry in a format available nowhere else, and is uniquely geared to carry display and classified advertising that reaches stallholders and the market-going public.",Alphington VIC 3078,Alphington,VIC,3078,Australia,,,Mon-Fri 9am,+6146572597,,https://www.eway.com.au/secure-site-seal?i=13&s=3&pid=b62ce594-da7c-4630-8fa0-2c837ba72b1c&theme=0,https://www.marketsandfairs.com.au/Market/Alphington-Farmers-Market
marketsandfairs:ararat-seasonal-farmers-market,ARARAT SEASONAL FARMERS MARKET,"Australian Markets & Fairs Magazine carries a wealth of information, ideas and articles on all aspects of the market industry in a format available nowhere else, and is uniquely geared to carry display and classified advertising that reaches stallholders and the market-going public.",VIC 3377,,VIC,3377,Australia,,,Mon-Fri 9am,+6146572597,,https://www.eway.com.au/secure-site-seal?i=13&s=3&pid=b62ce594-da7c-4630-8fa0-2c837ba72b1c&theme=0,https://www.marketsandfairs.com.au/Market/ARARAT-SEASONAL-FARMERS-MARKET
marketsandfairs:apollo-bay-market,APOLLO BAY MARKET,"Australian Markets & Fairs Magazine carries a wealth of information, ideas and articles on all aspects of the market industry in a format available nowhere else, and is uniquely geared to carry display and classified advertising that reaches stallholders and the market-going public.",VIC 3233,,VIC,3233,Australia,,,Mon-Fri 9am,+6146572597,,https://www.eway.com.au/secure-site-seal?i=13&s=3&pid=b62ce594-da7c-4630-8fa0-2c837ba72b1c&theme=0,https://www.marketsandfairs.com.au/Market/APOLLO-BAY-MARKET
marketsandfairs:ballan-lions-market,Ballan Lions Market,"Australian Markets & Fairs Magazine carries a wealth of information, ideas and articles on all aspects of the market industry in a format available nowhere else, and is uniquely geared to carry display and classified advertising that reaches stallholders and the market-going public.",VIC 3342,,VIC,3342,Australia,,,Mon-Fri 9am,+6146572597,,https://www.eway.com.au/secure-site-seal?i=13&s=3&pid=b62ce594-da7c-4630-8fa0-2c837ba72b1c&theme=0,https://www.marketsandfairs.com.au/Market/Ballan-Lions-Market
marketsandfairs:arts-centre-melbourne-sunday-market,ARTS CENTRE MELBOURNE SUNDAY MARKET,"Australian Markets & Fairs Magazine carries a wealth of information, ideas and articles on all aspects of the market industry in a format available nowhere else, and is uniquely geared to carry display and classified advertising that reaches stallholders and the market-going public.",Southbank VIC 3006,Southbank,VIC,3006,Australia,,,Mon-Fri 9am,+6146572597,,https://www.eway.com.au/secure-site-seal?i=13&s=3&pid=b62ce594-da7c-4630-8fa0-2c837ba72b1c&theme=0,https://www.marketsandfairs.com.au/Market/Arts-Centre-Melbourne-Sunday-Market
marketsandfairs:ararat-trash-and-treasure-and-farmers-market-combined,ARARAT TRASH AND TREASURE AND FARMERS MARKET (COMBINED),"Australian Markets & Fairs Magazine carries a wealth of information, ideas and articles on all aspects of the market industry in a format available nowhere else, and is uniquely geared to carry display and classified advertising that reaches stallholders and the market-going public.",Ararat VIC 3377,Ararat,VIC,3377,Australia,,,Mon-Fri 9am,+6146572597,,https://www.eway.com.au/secure-site-seal?i=13&s=3&pid=b62ce594-da7c-4630-8fa0-2c837ba72b1c&theme=0,https://www.marketsandfairs.com.au/Market/ARARAT-TRASH-AND-TREASURE-AND-FARMERS-MARKET-COMBINED
marketsandfairs:ashwood-farmers-market,ASHWOOD FARMERS' MARKET,"Australian Markets & Fairs Magazine carries a wealth of information, ideas and articles on all aspects of the market industry in a format available nowhere else, and is uniquely geared to carry display and classified advertising that reaches stallholders and the market-going public.",VIC 3147,,VIC,3147,Australia,,,Mon-Fri 9am,+6146572597,,https://www.eway.com.au/secure-site-seal?i=13&s=3&pid=b62ce594-da7c-4630-8fa0-2c837ba72b1c&theme=0,https://www.marketsandfairs.com.au/Market/ASHWOOD-FARMERS-MARKET
marketsandfairs:ballarat-bridge-mall-farmers-market,BALLARAT BRIDGE MALL FARMERS MARKET,"Australian Markets & Fairs Magazine carries a wealth of information, ideas and articles on all aspects of the market industry in a format available nowhere else, and is uniquely geared to carry display and classified advertising that reaches stallholders and the market-going public.",VIC 3350,,VIC,3350,Australia,,,Mon-Fri 9am,+6146572597,,https://www.eway.com.au/secure-site-seal?i=13&s=3&pid=b62ce594-da7c-4630-8fa0-2c837ba72b1c&theme=0,https://www.marketsandfairs.com.au/Market/BALLARAT-BRIDGE-MALL-FARMERS-MARKET
marketsandfairs:apollo-bay-farmers-market,APOLLO BAY FARMERS MARKET,"Australian Markets & Fairs Magazine carries a wealth of information, ideas and articles on all aspects of the market industry in a format available nowhere else, and is uniquely geared to carry display and classified advertising that reaches stallholders and the market-going public.",Apollo Bay VIC 3233,Apollo Bay,VIC,3233,Australia,,,Mon-Fri 9am,+6146572597,,https://www.eway.com.au/secure-site-seal?i=13&s=3&pid=b62ce594-da7c-4630-8fa0-2c837ba72b1c&theme=0,https://www.marketsandfairs.com.au/Market/APOLLO-BAY-FARMERS-MARKET
marketsandfairs:amber-lane-makers-market,Amber Lane Makers Market,"Australian Markets & Fairs Magazine carries a wealth of information, ideas and articles on all aspects of the market industry in a format available nowhere else, and is uniquely geared to carry display and classified advertising that reaches stallholders and the market-going public.",VIC 3342,,VIC,3342,Australia,,,Mon-Fri 9am,+6146572597,,https://www.eway.com.au/secure-site-seal?i=13&s=3&pid=b62ce594-da7c-4630-8fa0-2c837ba72b1c&theme=0,https://www.marketsandfairs.com.au/Market/Amber-Lane-Makers-Market
marketsandfairs:boddington-community-markets,BODDINGTON COMMUNITY MARKETS,"Australian Markets & Fairs Magazine carries a wealth of information, ideas and articles on all aspects of the market industry in a format available nowhere else, and is uniquely geared to carry display and classified advertising that reaches stallholders and the market-going public.",WA 6390,,WA,6390,Australia,,,Mon-Fri 9am,+6146572597,,https://www.eway.com.au/secure-site-seal?i=13&s=3&pid=b62ce594-da7c-4630-8fa0-2c837ba72b1c&theme=0,https://www.marketsandfairs.com.au/Market/BODDINGTON-COMMUNITY-MARKETS
marketsandfairs:carnarvon-courtyard-craft-markets,CARNARVON COURTYARD CRAFT MARKETS,"Australian Markets & Fairs Magazine carries a wealth of information, ideas and articles on all aspects of the market industry in a format available nowhere else, and is uniquely geared to carry display and classified advertising that reaches stallholders and the market-going public.",WA 6701,,WA,6701,Australia,,,Mon-Fri 9am,+6146572597,,https://www.eway.com.au/secure-site-seal?i=13&s=3&pid=b62ce594-da7c-4630-8fa0-2c837ba72b1c&theme=0,https://www.marketsandfairs.com.au/Market/CARNARVON-COURTYARD-CRAFT-MARKETS
marketsandfairs:canning-vale-markets,CANNING VALE MARKETS,"Australian Markets & Fairs Magazine carries a wealth of information, ideas and articles on all aspects of the market industry in a format available nowhere else, and is uniquely geared to carry display and classified advertising that reaches stallholders and the market-going public.",WA 6155,,WA,6155,Australia,,,Mon-Fri 9am,+6146572597,,https://www.eway.com.au/secure-site-seal?i=13&s=3&pid=b62ce594-da7c-4630-8fa0-2c837ba72b1c&theme=0,https://www.marketsandfairs.com.au/Market/CANNING-VALE-MARKETS
marketsandfairs:boyanup-districts-farmers,BOYANUP & DISTRICTS FARMERS,"Australian Markets & Fairs Magazine carries a wealth of information, ideas and articles on all aspects of the market industry in a format available nowhere else, and is uniquely geared to carry display and classified advertising that reaches stallholders and the market-going public.",WA 6237,,WA,6237,Australia,,,Mon-Fri 9am,+6146572597,,https://www.eway.com.au/secure-site-seal?i=13&s=3&pid=b62ce594-da7c-4630-8fa0-2c837ba72b1c&theme=0,https://www.marketsandfairs.com.au/Market/BOYANUP-DISTRICTS-FARMERS
marketsandfairs:fremantle-markets-re-reopens-friday-10th-july,FREMANTLE MARKETS - rE-Reopens Friday 10th July,"Australian Markets & Fairs Magazine carries a wealth of information, ideas and articles on all aspects of the market industry in a format available nowhere else, and is uniquely geared to carry display and classified advertising that reaches stallholders and the market-going public.",Fremantle WA 6160,,WA,6160,Australia,,,Mon-Fri 9am,+6146572597,,https://www.eway.com.au/secure-site-seal?i=13&s=3&pid=b62ce594-da7c-4630-8fa0-2c837ba72b1c&theme=0,https://www.marketsandfairs.com.au/Market/FREMANTLE-MARKETS-rE-Reopens-Friday-10th-July
marketsandfairs:broome-courthouse-market,BROOME COURTHOUSE MARKET,"Australian Markets & Fairs Magazine carries a wealth of information, ideas and articles on all aspects of the market industry in a format available nowhere else, and is uniquely geared to carry display and classified advertising that reaches stallholders and the market-going public.",Broome WA 6725,Broome,WA,6725,Australia,,,Mon-Fri 9am,+6146572597,,https://www.eway.com.au/secure-site-seal?i=13&s=3&pid=b62ce594-da7c-4630-8fa0-2c837ba72b1c&theme=0,https://www.marketsandfairs.com.au/Market/BROOME-COURTHOUSE-MARKET
marketsandfairs:bridgetown-river-markets,Bridgetown River Markets,"Australian Markets & Fairs Magazine carries a wealth of information, ideas and articles on all aspects of the market industry in a format available nowhere else, and is uniquely geared to carry display and classified advertising that reaches stallholders and the market-going public.",WA 0625,,WA,0625,Australia,,,Mon-Fri 9am,+6146572597,,https://www.eway.com.au/secure-site-seal?i=13&s=3&pid=b62ce594-da7c-4630-8fa0-2c837ba72b1c&theme=0,https://www.marketsandfairs.com.au/Market/Bridgetown-River-Markets
marketsandfairs:chidlow-hall-market-day,Chidlow Hall Market Day,"Australian Markets & Fairs Magazine carries a wealth of information, ideas and articles on all aspects of the market industry in a format available nowhere else, and is uniquely geared to carry display and classified advertising that reaches stallholders and the market-going public.",CHIDLOW WA 6556,CHIDLOW,WA,6556,Australia,,,Mon-Fri 9am,+6146572597,,https://www.eway.com.au/secure-site-seal?i=13&s=3&pid=b62ce594-da7c-4630-8fa0-2c837ba72b1c&theme=0,https://www.marketsandfairs.com.au/Market/Chidlow-Hall-Market-Day
marketsandfairs:albany-farmers-market,ALBANY FARMERS MARKET,"Australian Markets & Fairs Magazine carries a wealth of information, ideas and articles on all aspects of the market industry in a format available nowhere else, and is uniquely geared to carry display and classified advertising that reaches stallholders and the market-going public.",WA 6330,,WA,6330,Australia,,,Mon-Fri 9am,+6146572597,,https://www.eway.com.au/secure-site-seal?i=13&s=3&pid=b62ce594-da7c-4630-8fa0-2c837ba72b1c&theme=0,https://www.marketsandfairs.com.au/Market/ALBANY-FARMERS-MARKET
marketsandfairs:dongara-markets,DONGARA MARKETS,"Australian Markets & Fairs Magazine carries a wealth of information, ideas and articles on all aspects of the market industry in a format available nowhere else, and is uniquely geared to carry display and classified advertising that reaches stallholders and the market-going public.",WA 6525,,WA,6525,Australia,,,Mon-Fri 9am,+6146572597,,https://www.eway.com.au/secure-site-seal?i=13&s=3&pid=b62ce594-da7c-4630-8fa0-2c837ba72b1c&theme=0,https://www.marketsandfairs.com.au/Market/DONGARA-MARKETS
marketsandfairs:e-shed-market-fremantle,E-SHED MARKET FREMANTLE,"Australian Markets & Fairs Magazine carries a wealth of information, ideas and articles on all aspects of the market industry in a format available nowhere else, and is uniquely geared to carry display and classified advertising that reaches stallholders and the market-going public.",WA 6160,,WA,6160,Australia,,,Mon-Fri 9am,+6146572597,,https://www.eway.com.au/secure-site-seal?i=13&s=3&pid=b62ce594-da7c-4630-8fa0-2c837ba72b1c&theme=0,https://www.marketsandfairs.com.au/Market/E-SHED-MARKET-FREMANTLE
marketsandfairs:brighton-moonlight-markets,Brighton Moonlight Markets,"Australian Markets & Fairs Magazine carries a wealth of information, ideas and articles on all aspects of the market industry in a format available nowhere else, and is uniquely geared to carry display and classified advertising that reaches stallholders and the market-going public.",WA 6036,,WA,6036,Australia,,,Mon-Fri 9am,+6146572597,,https://www.eway.com.au/secure-site-seal?i=13&s=3&pid=b62ce594-da7c-4630-8fa0-2c837ba72b1c&theme=0,https://www.marketsandfairs.com.au/Market/Brighton-Moonlight-Markets
marketsandfairs:broom-staircase-to-the-moon-night-markets,BROOM STAIRCASE TO THE MOON NIGHT MARKETS,"Australian Markets & Fairs Magazine carries a wealth of information, ideas and articles on all aspects of the market industry in a format available nowhere else, and is uniquely geared to carry display and classified advertising that reaches stallholders and the market-going public.",Broome WA 6725,Broome,WA,6725,Australia,,,Mon-Fri 9am,+6146572597,,https://www.eway.com.au/secure-site-seal?i=13&s=3&pid=b62ce594-da7c-4630-8fa0-2c837ba72b1c&theme=0,https://www.marketsandfairs.com.au/Market/BROOM-STAIRCASE-TO-THE-MOON-NIGHT-MARKETS
marketsandfairs:cannington-antique-collectors-fair,Cannington Antique & Collectors Fair,"Australian Markets & Fairs Magazine carries a wealth of information, ideas and articles on all aspects of the market industry in a format available nowhere else, and is uniquely geared to carry display and classified advertising that reaches stallholders and the market-going public.",WA 6107,,WA,6107,Australia,,,Mon-Fri 9am,+6146572597,,https://www.eway.com.au/secure-site-seal?i=13&s=3&pid=b62ce594-da7c-4630-8fa0-2c837ba72b1c&theme=0,https://www.marketsandfairs.com.au/Market/Cannington-Antique-Collectors-Fair
marketsandfairs:dampier-beachside-markets,Dampier Beachside Markets,"Australian Markets & Fairs Magazine carries a wealth of information, ideas and articles on all aspects of the market industry in a format available nowhere else, and is uniquely geared to carry display and classified advertising that reaches stallholders and the market-going public.",WA 6713,,WA,6713,Australia,,,Mon-Fri 9am,+6146572597,,https://www.eway.com.au/secure-site-seal?i=13&s=3&pid=b62ce594-da7c-4630-8fa0-2c837ba72b1c&theme=0,https://www.marketsandfairs.com.au/Market/Dampier-Beachside-Markets
marketsandfairs:busselton-railway-markets,BUSSELTON RAILWAY MARKETS,"Australian Markets & Fairs Magazine carries a wealth of information, ideas and articles on all aspects of the market industry in a format available nowhere else, and is uniquely geared to carry display and classified advertising that reaches stallholders and the market-going public.",WA 6280,,WA,6280,Australia,,,Mon-Fri 9am,+6146572597,,https://www.eway.com.au/secure-site-seal?i=13&s=3&pid=b62ce594-da7c-4630-8fa0-2c837ba72b1c&theme=0,https://www.marketsandfairs.com.au/Market/BUSSELTON-RAILWAY-MARKETS
marketsandfairs:bathers-beach-sunset-market,Bathers Beach Sunset Market,"Australian Markets & Fairs Magazine carries a wealth of information, ideas and articles on all aspects of the market industry in a format available nowhere else, and is uniquely geared to carry display and classified advertising that reaches stallholders and the market-going public.",WA 6160,,WA,6160,Australia,,,Mon-Fri 9am,+6146572597,,https://www.eway.com.au/secure-site-seal?i=13&s=3&pid=b62ce594-da7c-4630-8fa0-2c837ba72b1c&theme=0,https://www.marketsandfairs.com.au/Market/Bathers-Beach-Sunset-Market
marketsandfairs:denmark-art-and-craft-market,DENMARK ART and CRAFT MARKET,"Australian Markets & Fairs Magazine carries a wealth of information, ideas and articles on all aspects of the market industry in a format available nowhere else, and is uniquely geared to carry display and classified advertising that reaches stallholders and the market-going public.",WA 6333,,WA,6333,Australia,,,Mon-Fri 9am,+6146572597,,https://www.eway.com.au/secure-site-seal?i=13&s=3&pid=b62ce594-da7c-4630-8fa0-2c837ba72b1c&theme=0,https://www.marketsandfairs.com.au/Market/DENMARK-ART-and-CRAFT-MARKET
marketsandfairs:belmont-wa-rotamart-weekend-market,BELMONT WA ROTAMART Weekend Market,"Australian Markets & Fairs Magazine carries a wealth of information, ideas and articles on all aspects of the market industry in a format available nowhere else, and is uniquely geared to carry display and classified advertising that reaches stallholders and the market-going public.",Cloverdale WA 6105,Cloverdale,WA,6105,Australia,,,Mon-Fri 9am,+6146572597,,https://www.eway.com.au/secure-site-seal?i=13&s=3&pid=b62ce594-da7c-4630-8fa0-2c837ba72b1c&theme=0,https://www.marketsandfairs.com.au/Market/BELMONT-WA-ROTAMART-Weekend-Market
marketsandfairs:central-park-farmers-market,Central Park Farmers' Market,"Australian Markets & Fairs Magazine carries a wealth of information, ideas and articles on all aspects of the market industry in a format available nowhere else, and is uniquely geared to carry display and classified advertising that reaches stallholders and the market-going public.",WA 6000,,WA,6000,Australia,,,Mon-Fri 9am,+6146572597,,https://www.eway.com.au/secure-site-seal?i=13&s=3&pid=b62ce594-da7c-4630-8fa0-2c837ba72b1c&theme=0,https://www.marketsandfairs.com.au/Market/Central-Park-Farmers-Market
